{
  "project_info": {
    "project_number": "59881316162",
    "firebase_url": "https://account-book-813c3.firebaseio.com",
    "project_id": "account-book-813c3",
    "storage_bucket": "account-book-813c3.appspot.com"
  },
  "client": [
    {
      "client_info": {
        "mobilesdk_app_id": "1:59881316162:android:aafa3190fbbd8338",
        "android_client_info": {
          "package_name": "com.example.leehosang.accountbook"
        }
      },
      "oauth_client": [
        {
          "client_id": "59881316162-nohsfubfd42gt5rkp0lcb5qaplj05bm7.apps.googleusercontent.com",
          "client_type": 3
        }
      ],
      "api_key": [
        {
          "current_key": "AIzaSyCOS4ULBpXvR7Zl7nwkN63XDN7QUcqyiFw"
        }
      ],
      "services": {
        "appinvite_service": {
          "other_platform_oauth_client": [
            {
              "client_id": "59881316162-nohsfubfd42gt5rkp0lcb5qaplj05bm7.apps.googleusercontent.com",
              "client_type": 3
            }
          ]
        }
      }
    }
  ],
  "configuration_version": "1"
}